Harvest_Date,Batch_ID,Bench_Number,Variety,Harvest_Weight
2023-06-01,20230601,1,Green Lettuce,29940.23
2023-06-01,20230601,2,Red Lettuce,16148.99
2023-06-01,20230601,3,Green Lettuce,25163.3
2023-06-01,20230601,4,Curly Lettuce,27143.48
2023-06-01,20230601,5,Green Lettuce,14087.23
2023-06-01,20230601,6,Red Lettuce,23437.8
2023-06-01,20230601,7,Green Lettuce,15338.05
2023-06-01,20230601,8,Brave Lettuce,7886.54
2023-06-01,20230601,9,Curly Lettuce,11103.15
2023-06-01,20230601,10,Green Lettuce,10923.46
2023-06-02,20230602,1,Curly Lettuce,28352.89
2023-06-02,20230602,2,Red Lettuce,6964.64
2023-06-02,20230602,3,Brave Lettuce,4743.5
2023-06-02,20230602,4,Red Lettuce,17277.93
2023-06-02,20230602,5,Brave Lettuce,15844.44
2023-06-02,20230602,6,Curly Lettuce,14061.64
2023-06-02,20230602,7,Curly Lettuce,24000.56
2023-06-02,20230602,8,Red Lettuce,18773.81
2023-06-02,20230602,9,Green Lettuce,17121.83
2023-06-03,20230603,1,Red Lettuce,6517.31
2023-06-03,20230603,2,Brave Lettuce,7558.86
2023-06-03,20230603,3,Green Lettuce,7348.95
2023-06-03,20230603,4,Red Lettuce,15195.3
2023-06-03,20230603,5,Red Lettuce,19386.31
2023-06-03,20230603,6,Green Lettuce,13323.55
2023-06-03,20230603,7,Brave Lettuce,23098.98
2023-06-03,20230603,8,Green Lettuce,26317.23
2023-06-03,20230603,9,Curly Lettuce,24486.33
2023-06-04,20230604,1,Red Lettuce,20043.67
2023-06-04,20230604,2,Red Lettuce,26936.06
2023-06-04,20230604,3,Red Lettuce,24813.55
2023-06-04,20230604,4,Curly Lettuce,6338.14
2023-06-04,20230604,5,Curly Lettuce,22222.29
2023-06-04,20230604,6,Brave Lettuce,20617.35
2023-06-04,20230604,7,Brave Lettuce,13682.59
2023-06-04,20230604,8,Red Lettuce,9134.4
2023-06-05,20230605,1,Brave Lettuce,21825.46
2023-06-05,20230605,2,Brave Lettuce,19162.58
2023-06-05,20230605,3,Curly Lettuce,683.11
2023-06-05,20230605,4,Curly Lettuce,3243.66
2023-06-05,20230605,5,Curly Lettuce,17659.19
2023-06-05,20230605,6,Brave Lettuce,23359.54
2023-06-05,20230605,7,Green Lettuce,17761.4
2023-06-05,20230605,8,Brave Lettuce,13350.51
2023-06-06,20230606,1,Red Lettuce,4029.01
2023-06-06,20230606,2,Green Lettuce,27280.85
2023-06-06,20230606,3,Curly Lettuce,21881.64
2023-06-06,20230606,4,Curly Lettuce,9447.9
2023-06-06,20230606,5,Green Lettuce,28114.71
2023-06-06,20230606,6,Green Lettuce,25603.11
2023-06-06,20230606,7,Red Lettuce,13236.11
2023-06-07,20230607,1,Curly Lettuce,7954.62
2023-06-07,20230607,2,Red Lettuce,23977.17
2023-06-07,20230607,3,Red Lettuce,27240.7
2023-06-07,20230607,4,Curly Lettuce,10555.11
2023-06-07,20230607,5,Brave Lettuce,9639.79
2023-06-07,20230607,6,Brave Lettuce,18043.96
2023-06-07,20230607,7,Brave Lettuce,14903.77
2023-06-07,20230607,8,Green Lettuce,12226.5
2023-06-07,20230607,9,Red Lettuce,17906.99
2023-06-08,20230608,1,Red Lettuce,16028.69
2023-06-08,20230608,2,Green Lettuce,11860.63
2023-06-08,20230608,3,Curly Lettuce,10036.89
2023-06-08,20230608,4,Brave Lettuce,5569.57
2023-06-08,20230608,5,Curly Lettuce,23044.64
2023-06-08,20230608,6,Red Lettuce,17600.94
2023-06-08,20230608,7,Curly Lettuce,11474.87
2023-06-08,20230608,8,Green Lettuce,5969.64
2023-06-09,20230609,1,Curly Lettuce,14276.83
2023-06-09,20230609,2,Curly Lettuce,20043.64
2023-06-09,20230609,3,Red Lettuce,2.7
2023-06-09,20230609,4,Brave Lettuce,12123.92
2023-06-09,20230609,5,Red Lettuce,4684.78
2023-06-09,20230609,6,Brave Lettuce,7409.5
2023-06-09,20230609,7,Curly Lettuce,16003.4
2023-06-10,20230610,1,Green Lettuce,27394.46
2023-06-10,20230610,2,Red Lettuce,29688.98
2023-06-10,20230610,3,Green Lettuce,1631.96
2023-06-10,20230610,4,Curly Lettuce,18191.53
2023-06-10,20230610,5,Curly Lettuce,26125.87
2023-06-10,20230610,6,Curly Lettuce,27750.78
2023-06-10,20230610,7,Red Lettuce,25397.84
2023-06-11,20230611,1,Green Lettuce,526.91
2023-06-11,20230611,2,Red Lettuce,12828.03
2023-06-11,20230611,3,Curly Lettuce,22050.76
2023-06-11,20230611,4,Green Lettuce,4216.68
2023-06-11,20230611,5,Red Lettuce,14499.6
2023-06-11,20230611,6,Brave Lettuce,9161.81
2023-06-11,20230611,7,Brave Lettuce,8534.17
2023-06-12,20230612,1,Red Lettuce,21908.21
2023-06-12,20230612,2,Red Lettuce,23849.33
2023-06-12,20230612,3,Green Lettuce,20107.0
2023-06-12,20230612,4,Red Lettuce,19196.17
2023-06-12,20230612,5,Curly Lettuce,22361.86
2023-06-12,20230612,6,Green Lettuce,6175.27
2023-06-12,20230612,7,Red Lettuce,23308.24
2023-06-12,20230612,8,Curly Lettuce,4234.55
2023-06-12,20230612,9,Green Lettuce,3291.91
2023-06-13,20230613,1,Curly Lettuce,27693.31
2023-06-13,20230613,2,Green Lettuce,2736.76
2023-06-13,20230613,3,Curly Lettuce,25030.17
2023-06-13,20230613,4,Brave Lettuce,28438.49
2023-06-13,20230613,5,Curly Lettuce,5654.12
2023-06-13,20230613,6,Curly Lettuce,5298.27
2023-06-13,20230613,7,Red Lettuce,6774.61
2023-06-14,20230614,1,Curly Lettuce,20388.14
2023-06-14,20230614,2,Curly Lettuce,19951.11
2023-06-14,20230614,3,Green Lettuce,25498.41
2023-06-14,20230614,4,Green Lettuce,24952.08
2023-06-14,20230614,5,Green Lettuce,12294.75
2023-06-14,20230614,6,Curly Lettuce,18553.7
2023-06-14,20230614,7,Green Lettuce,19366.56
2023-06-14,20230614,8,Green Lettuce,12279.08
2023-06-14,20230614,9,Red Lettuce,13382.66
2023-06-14,20230614,10,Green Lettuce,13298.9
2023-06-15,20230615,1,Curly Lettuce,8589.87
2023-06-15,20230615,2,Curly Lettuce,27352.31
2023-06-15,20230615,3,Curly Lettuce,12530.67
2023-06-15,20230615,4,Red Lettuce,5204.6
2023-06-15,20230615,5,Brave Lettuce,3561.17
2023-06-15,20230615,6,Green Lettuce,10162.93
2023-06-15,20230615,7,Curly Lettuce,1531.93
2023-06-15,20230615,8,Curly Lettuce,28071.82
2023-06-16,20230616,1,Red Lettuce,19167.68
2023-06-16,20230616,2,Curly Lettuce,7366.36
2023-06-16,20230616,3,Red Lettuce,6198.65
2023-06-16,20230616,4,Red Lettuce,12074.42
2023-06-16,20230616,5,Green Lettuce,20397.72
2023-06-16,20230616,6,Green Lettuce,13543.83
2023-06-16,20230616,7,Green Lettuce,3870.28
2023-06-16,20230616,8,Curly Lettuce,10403.03
2023-06-17,20230617,1,Brave Lettuce,11749.13
2023-06-17,20230617,2,Brave Lettuce,18420.14
2023-06-17,20230617,3,Brave Lettuce,14814.79
2023-06-17,20230617,4,Green Lettuce,24764.89
2023-06-17,20230617,5,Curly Lettuce,741.75
2023-06-17,20230617,6,Brave Lettuce,20697.68
2023-06-17,20230617,7,Red Lettuce,6430.49
2023-06-17,20230617,8,Curly Lettuce,9143.0
2023-06-17,20230617,9,Green Lettuce,7636.9
2023-06-18,20230618,1,Curly Lettuce,22327.51
2023-06-18,20230618,2,Brave Lettuce,19667.65
2023-06-18,20230618,3,Green Lettuce,25606.35
2023-06-18,20230618,4,Brave Lettuce,25942.53
2023-06-18,20230618,5,Green Lettuce,26428.11
2023-06-18,20230618,6,Curly Lettuce,11849.97
2023-06-18,20230618,7,Curly Lettuce,9411.74
2023-06-19,20230619,1,Curly Lettuce,2316.98
2023-06-19,20230619,2,Red Lettuce,25805.39
2023-06-19,20230619,3,Curly Lettuce,27151.1
2023-06-19,20230619,4,Curly Lettuce,412.58
2023-06-19,20230619,5,Red Lettuce,21520.94
2023-06-19,20230619,6,Brave Lettuce,9587.87
2023-06-19,20230619,7,Brave Lettuce,26946.18
2023-06-20,20230620,1,Brave Lettuce,14756.45
2023-06-20,20230620,2,Green Lettuce,22457.2
2023-06-20,20230620,3,Brave Lettuce,16360.51
2023-06-20,20230620,4,Green Lettuce,14964.55
2023-06-20,20230620,5,Curly Lettuce,24653.1
2023-06-20,20230620,6,Red Lettuce,3129.31
2023-06-20,20230620,7,Red Lettuce,17535.17
2023-06-20,20230620,8,Brave Lettuce,28889.85
2023-06-21,20230621,1,Green Lettuce,7722.2
2023-06-21,20230621,2,Brave Lettuce,14065.29
2023-06-21,20230621,3,Red Lettuce,14005.43
2023-06-21,20230621,4,Brave Lettuce,16988.9
2023-06-21,20230621,5,Red Lettuce,3482.98
2023-06-21,20230621,6,Red Lettuce,25875.1
2023-06-21,20230621,7,Brave Lettuce,17894.38
2023-06-21,20230621,8,Green Lettuce,25280.93
2023-06-22,20230622,1,Green Lettuce,28253.09
2023-06-22,20230622,2,Brave Lettuce,12473.43
2023-06-22,20230622,3,Curly Lettuce,29592.12
2023-06-22,20230622,4,Curly Lettuce,7509.1
2023-06-22,20230622,5,Green Lettuce,27603.51
2023-06-22,20230622,6,Curly Lettuce,4739.94
2023-06-22,20230622,7,Green Lettuce,396.85
2023-06-23,20230623,1,Curly Lettuce,9142.41
2023-06-23,20230623,2,Green Lettuce,2778.58
2023-06-23,20230623,3,Red Lettuce,16534.13
2023-06-23,20230623,4,Curly Lettuce,4794.68
2023-06-23,20230623,5,Red Lettuce,14210.91
2023-06-23,20230623,6,Red Lettuce,2447.71
2023-06-23,20230623,7,Brave Lettuce,1228.91
2023-06-23,20230623,8,Green Lettuce,712.32
2023-06-23,20230623,9,Curly Lettuce,25383.69
2023-06-23,20230623,10,Brave Lettuce,9561.35
2023-06-24,20230624,1,Green Lettuce,6514.41
2023-06-24,20230624,2,Curly Lettuce,2544.98
2023-06-24,20230624,3,Red Lettuce,26753.58
2023-06-24,20230624,4,Green Lettuce,27343.75
2023-06-24,20230624,5,Curly Lettuce,15777.33
2023-06-24,20230624,6,Green Lettuce,29505.54
2023-06-24,20230624,7,Red Lettuce,19025.2
2023-06-24,20230624,8,Green Lettuce,6542.38
2023-06-25,20230625,1,Brave Lettuce,23980.27
2023-06-25,20230625,2,Brave Lettuce,16494.98
2023-06-25,20230625,3,Brave Lettuce,8748.53
2023-06-25,20230625,4,Green Lettuce,2304.78
2023-06-25,20230625,5,Red Lettuce,23107.19
2023-06-25,20230625,6,Curly Lettuce,28798.73
2023-06-25,20230625,7,Curly Lettuce,5105.43
2023-06-25,20230625,8,Red Lettuce,22524.75
2023-06-25,20230625,9,Brave Lettuce,10712.01
2023-06-26,20230626,1,Red Lettuce,2523.36
2023-06-26,20230626,2,Curly Lettuce,22455.13
2023-06-26,20230626,3,Brave Lettuce,29491.32
2023-06-26,20230626,4,Brave Lettuce,1193.82
2023-06-26,20230626,5,Green Lettuce,19444.9
2023-06-26,20230626,6,Red Lettuce,9460.8
2023-06-26,20230626,7,Green Lettuce,4881.11
2023-06-26,20230626,8,Green Lettuce,9489.79
2023-06-26,20230626,9,Brave Lettuce,11573.3
2023-06-27,20230627,1,Brave Lettuce,25516.1
2023-06-27,20230627,2,Brave Lettuce,15588.24
2023-06-27,20230627,3,Green Lettuce,11681.03
2023-06-27,20230627,4,Brave Lettuce,3183.89
2023-06-27,20230627,5,Brave Lettuce,15940.07
2023-06-27,20230627,6,Red Lettuce,25102.15
2023-06-27,20230627,7,Brave Lettuce,12550.33
2023-06-27,20230627,8,Red Lettuce,5753.96
2023-06-28,20230628,1,Red Lettuce,5920.28
2023-06-28,20230628,2,Brave Lettuce,20253.64
2023-06-28,20230628,3,Green Lettuce,2196.87
2023-06-28,20230628,4,Curly Lettuce,21137.77
2023-06-28,20230628,5,Curly Lettuce,12024.42
2023-06-28,20230628,6,Brave Lettuce,1702.77
2023-06-28,20230628,7,Green Lettuce,9532.11
2023-06-28,20230628,8,Red Lettuce,3975.74
2023-06-28,20230628,9,Curly Lettuce,29981.0
2023-06-29,20230629,1,Curly Lettuce,23434.62
2023-06-29,20230629,2,Curly Lettuce,14551.19
2023-06-29,20230629,3,Green Lettuce,24445.04
2023-06-29,20230629,4,Green Lettuce,12887.77
2023-06-29,20230629,5,Brave Lettuce,28351.93
2023-06-29,20230629,6,Red Lettuce,8764.06
2023-06-29,20230629,7,Brave Lettuce,29276.75
2023-06-29,20230629,8,Curly Lettuce,26650.56
2023-06-29,20230629,9,Curly Lettuce,14300.47
2023-06-29,20230629,10,Green Lettuce,29602.98
2023-06-30,20230630,1,Curly Lettuce,9283.62
2023-06-30,20230630,2,Red Lettuce,15762.16
2023-06-30,20230630,3,Red Lettuce,175.28
2023-06-30,20230630,4,Brave Lettuce,6167.78
2023-06-30,20230630,5,Red Lettuce,6248.62
2023-06-30,20230630,6,Brave Lettuce,2425.83
2023-06-30,20230630,7,Green Lettuce,11215.81
2023-07-01,20230701,1,Red Lettuce,24669.9
2023-07-01,20230701,2,Red Lettuce,29378.0
2023-07-01,20230701,3,Green Lettuce,23534.12
2023-07-01,20230701,4,Brave Lettuce,23308.78
2023-07-01,20230701,5,Red Lettuce,17314.69
2023-07-01,20230701,6,Green Lettuce,14983.89
2023-07-01,20230701,7,Brave Lettuce,219.58
2023-07-01,20230701,8,Red Lettuce,15114.9
2023-07-02,20230702,1,Curly Lettuce,505.74
2023-07-02,20230702,2,Brave Lettuce,1024.21
2023-07-02,20230702,3,Green Lettuce,29779.07
2023-07-02,20230702,4,Green Lettuce,22788.39
2023-07-02,20230702,5,Curly Lettuce,23437.84
2023-07-02,20230702,6,Red Lettuce,2397.52
2023-07-02,20230702,7,Red Lettuce,2655.7
2023-07-02,20230702,8,Brave Lettuce,20174.56
2023-07-02,20230702,9,Red Lettuce,19145.6
2023-07-02,20230702,10,Red Lettuce,20745.75
2023-07-03,20230703,1,Brave Lettuce,10701.15
2023-07-03,20230703,2,Red Lettuce,8591.99
2023-07-03,20230703,3,Curly Lettuce,23628.17
2023-07-03,20230703,4,Brave Lettuce,8468.07
2023-07-03,20230703,5,Brave Lettuce,23930.66
2023-07-03,20230703,6,Green Lettuce,22108.58
2023-07-03,20230703,7,Green Lettuce,29205.48
2023-07-03,20230703,8,Brave Lettuce,10942.91
2023-07-03,20230703,9,Curly Lettuce,1586.84
2023-07-03,20230703,10,Red Lettuce,11735.69
2023-07-04,20230704,1,Brave Lettuce,17925.05
2023-07-04,20230704,2,Red Lettuce,16947.77
2023-07-04,20230704,3,Red Lettuce,15770.06
2023-07-04,20230704,4,Red Lettuce,22108.95
2023-07-04,20230704,5,Red Lettuce,24976.11
2023-07-04,20230704,6,Curly Lettuce,4305.62
2023-07-04,20230704,7,Red Lettuce,4340.61
2023-07-04,20230704,8,Red Lettuce,29071.81
2023-07-05,20230705,1,Curly Lettuce,14394.54
2023-07-05,20230705,2,Brave Lettuce,13659.36
2023-07-05,20230705,3,Brave Lettuce,4496.95
2023-07-05,20230705,4,Brave Lettuce,11151.56
2023-07-05,20230705,5,Green Lettuce,27250.11
2023-07-05,20230705,6,Green Lettuce,7209.07
2023-07-05,20230705,7,Green Lettuce,29305.39
2023-07-05,20230705,8,Green Lettuce,9571.45
2023-07-05,20230705,9,Brave Lettuce,4735.61
2023-07-05,20230705,10,Curly Lettuce,16354.89
2023-07-06,20230706,1,Green Lettuce,3239.51
2023-07-06,20230706,2,Brave Lettuce,13761.83
2023-07-06,20230706,3,Curly Lettuce,27684.56
2023-07-06,20230706,4,Green Lettuce,12512.33
2023-07-06,20230706,5,Red Lettuce,18769.91
2023-07-06,20230706,6,Curly Lettuce,29252.27
2023-07-06,20230706,7,Red Lettuce,28216.77
2023-07-07,20230707,1,Green Lettuce,12758.29
2023-07-07,20230707,2,Red Lettuce,10485.34
2023-07-07,20230707,3,Green Lettuce,3733.97
2023-07-07,20230707,4,Green Lettuce,15867.29
2023-07-07,20230707,5,Curly Lettuce,23279.72
2023-07-07,20230707,6,Brave Lettuce,15664.43
2023-07-07,20230707,7,Red Lettuce,16037.58
2023-07-07,20230707,8,Red Lettuce,17893.97
2023-07-07,20230707,9,Curly Lettuce,21289.85
2023-07-08,20230708,1,Curly Lettuce,9026.88
2023-07-08,20230708,2,Green Lettuce,26554.23
2023-07-08,20230708,3,Curly Lettuce,17617.3
2023-07-08,20230708,4,Red Lettuce,6050.87
2023-07-08,20230708,5,Brave Lettuce,12938.24
2023-07-08,20230708,6,Brave Lettuce,25390.66
2023-07-08,20230708,7,Green Lettuce,12182.39
2023-07-08,20230708,8,Curly Lettuce,14542.51
2023-07-08,20230708,9,Red Lettuce,20302.47
2023-07-09,20230709,1,Brave Lettuce,3128.18
2023-07-09,20230709,2,Red Lettuce,27053.24
2023-07-09,20230709,3,Red Lettuce,27076.04
2023-07-09,20230709,4,Red Lettuce,3233.45
2023-07-09,20230709,5,Green Lettuce,11169.06
2023-07-09,20230709,6,Curly Lettuce,28482.49
2023-07-09,20230709,7,Red Lettuce,11898.42
2023-07-10,20230710,1,Curly Lettuce,11350.94
2023-07-10,20230710,2,Green Lettuce,19715.92
2023-07-10,20230710,3,Curly Lettuce,3030.83
2023-07-10,20230710,4,Curly Lettuce,27367.79
2023-07-10,20230710,5,Green Lettuce,2416.86
2023-07-10,20230710,6,Red Lettuce,21252.81
2023-07-10,20230710,7,Curly Lettuce,5826.52
2023-07-11,20230711,1,Red Lettuce,18295.24
2023-07-11,20230711,2,Curly Lettuce,29900.67
2023-07-11,20230711,3,Green Lettuce,14791.17
2023-07-11,20230711,4,Red Lettuce,26370.73
2023-07-11,20230711,5,Curly Lettuce,28786.87
2023-07-11,20230711,6,Curly Lettuce,24564.3
2023-07-11,20230711,7,Curly Lettuce,6830.32
2023-07-11,20230711,8,Red Lettuce,16279.74
2023-07-12,20230712,1,Curly Lettuce,19013.34
2023-07-12,20230712,2,Brave Lettuce,20517.82
2023-07-12,20230712,3,Brave Lettuce,7099.71
2023-07-12,20230712,4,Red Lettuce,19422.87
2023-07-12,20230712,5,Brave Lettuce,2695.98
2023-07-12,20230712,6,Red Lettuce,12435.31
2023-07-12,20230712,7,Brave Lettuce,9887.07
2023-07-12,20230712,8,Red Lettuce,16774.81
2023-07-13,20230713,1,Curly Lettuce,23007.75
2023-07-13,20230713,2,Brave Lettuce,19722.29
2023-07-13,20230713,3,Brave Lettuce,20298.86
2023-07-13,20230713,4,Brave Lettuce,7466.92
2023-07-13,20230713,5,Brave Lettuce,28595.84
2023-07-13,20230713,6,Red Lettuce,21501.06
2023-07-13,20230713,7,Red Lettuce,25773.18
2023-07-13,20230713,8,Curly Lettuce,7589.1
2023-07-13,20230713,9,Green Lettuce,25481.4
2023-07-13,20230713,10,Curly Lettuce,335.52
2023-07-14,20230714,1,Curly Lettuce,5043.01
2023-07-14,20230714,2,Curly Lettuce,16852.23
2023-07-14,20230714,3,Green Lettuce,7638.13
2023-07-14,20230714,4,Curly Lettuce,967.8
2023-07-14,20230714,5,Red Lettuce,1745.44
2023-07-14,20230714,6,Brave Lettuce,2798.84
2023-07-14,20230714,7,Brave Lettuce,29736.04
2023-07-14,20230714,8,Curly Lettuce,12854.76
2023-07-15,20230715,1,Red Lettuce,2872.67
2023-07-15,20230715,2,Green Lettuce,25754.38
2023-07-15,20230715,3,Curly Lettuce,19070.62
2023-07-15,20230715,4,Green Lettuce,18997.39
2023-07-15,20230715,5,Green Lettuce,28861.33
2023-07-15,20230715,6,Green Lettuce,19189.82
2023-07-15,20230715,7,Curly Lettuce,25449.15
2023-07-15,20230715,8,Curly Lettuce,7110.37
2023-07-16,20230716,1,Curly Lettuce,29822.84
2023-07-16,20230716,2,Curly Lettuce,1138.09
2023-07-16,20230716,3,Green Lettuce,29968.38
2023-07-16,20230716,4,Brave Lettuce,23627.59
2023-07-16,20230716,5,Curly Lettuce,5505.02
2023-07-16,20230716,6,Red Lettuce,13123.02
2023-07-16,20230716,7,Red Lettuce,21690.78
2023-07-17,20230717,1,Curly Lettuce,8665.77
2023-07-17,20230717,2,Green Lettuce,4106.28
2023-07-17,20230717,3,Curly Lettuce,22325.7
2023-07-17,20230717,4,Green Lettuce,3952.05
2023-07-17,20230717,5,Red Lettuce,21306.34
2023-07-17,20230717,6,Curly Lettuce,6726.14
2023-07-17,20230717,7,Curly Lettuce,8056.41
2023-07-17,20230717,8,Brave Lettuce,25131.23
2023-07-17,20230717,9,Green Lettuce,17975.55
2023-07-17,20230717,10,Brave Lettuce,4418.46
2023-07-18,20230718,1,Red Lettuce,2355.91
2023-07-18,20230718,2,Red Lettuce,12086.02
2023-07-18,20230718,3,Red Lettuce,24752.55
2023-07-18,20230718,4,Brave Lettuce,2707.0
2023-07-18,20230718,5,Green Lettuce,4891.42
2023-07-18,20230718,6,Red Lettuce,4571.99
2023-07-18,20230718,7,Curly Lettuce,21519.21
2023-07-19,20230719,1,Curly Lettuce,29587.37
2023-07-19,20230719,2,Curly Lettuce,26895.53
2023-07-19,20230719,3,Red Lettuce,21467.94
2023-07-19,20230719,4,Green Lettuce,23476.32
2023-07-19,20230719,5,Brave Lettuce,29344.56
2023-07-19,20230719,6,Brave Lettuce,11376.46
2023-07-19,20230719,7,Curly Lettuce,7449.95
2023-07-19,20230719,8,Red Lettuce,4822.31
2023-07-19,20230719,9,Green Lettuce,14642.45
2023-07-20,20230720,1,Curly Lettuce,22709.43
2023-07-20,20230720,2,Brave Lettuce,27217.05
2023-07-20,20230720,3,Red Lettuce,4515.02
2023-07-20,20230720,4,Curly Lettuce,2737.7
2023-07-20,20230720,5,Brave Lettuce,29837.31
2023-07-20,20230720,6,Red Lettuce,21699.63
2023-07-20,20230720,7,Curly Lettuce,21520.76
2023-07-21,20230721,1,Red Lettuce,16394.93
2023-07-21,20230721,2,Green Lettuce,21706.42
2023-07-21,20230721,3,Red Lettuce,9251.09
2023-07-21,20230721,4,Brave Lettuce,12288.59
2023-07-21,20230721,5,Brave Lettuce,5319.95
2023-07-21,20230721,6,Red Lettuce,16253.44
2023-07-21,20230721,7,Red Lettuce,12798.77
2023-07-21,20230721,8,Red Lettuce,3459.29
2023-07-21,20230721,9,Brave Lettuce,6497.35
2023-07-22,20230722,1,Red Lettuce,2294.17
2023-07-22,20230722,2,Brave Lettuce,5692.17
2023-07-22,20230722,3,Brave Lettuce,12260.98
2023-07-22,20230722,4,Green Lettuce,26153.15
2023-07-22,20230722,5,Green Lettuce,23017.13
2023-07-22,20230722,6,Green Lettuce,31.83
2023-07-22,20230722,7,Red Lettuce,11678.52
2023-07-22,20230722,8,Red Lettuce,14528.15
2023-07-22,20230722,9,Curly Lettuce,170.09
2023-07-22,20230722,10,Brave Lettuce,24679.73
2023-07-23,20230723,1,Red Lettuce,1554.79
2023-07-23,20230723,2,Red Lettuce,20395.56
2023-07-23,20230723,3,Curly Lettuce,4855.34
2023-07-23,20230723,4,Red Lettuce,2002.85
2023-07-23,20230723,5,Brave Lettuce,15521.35
2023-07-23,20230723,6,Red Lettuce,21181.34
2023-07-23,20230723,7,Brave Lettuce,312.41
2023-07-23,20230723,8,Brave Lettuce,25692.36
2023-07-23,20230723,9,Brave Lettuce,6083.67
2023-07-23,20230723,10,Red Lettuce,10344.35
2023-07-24,20230724,1,Curly Lettuce,12503.69
2023-07-24,20230724,2,Green Lettuce,5155.72
2023-07-24,20230724,3,Green Lettuce,16322.38
2023-07-24,20230724,4,Green Lettuce,3965.89
2023-07-24,20230724,5,Curly Lettuce,11185.13
2023-07-24,20230724,6,Curly Lettuce,27069.55
2023-07-24,20230724,7,Green Lettuce,21184.96
2023-07-24,20230724,8,Green Lettuce,26158.84
2023-07-24,20230724,9,Red Lettuce,24048.23
2023-07-25,20230725,1,Brave Lettuce,16655.46
2023-07-25,20230725,2,Curly Lettuce,26149.5
2023-07-25,20230725,3,Curly Lettuce,2154.08
2023-07-25,20230725,4,Curly Lettuce,20080.07
2023-07-25,20230725,5,Curly Lettuce,26609.8
2023-07-25,20230725,6,Green Lettuce,13811.46
2023-07-25,20230725,7,Brave Lettuce,17606.21
2023-07-25,20230725,8,Green Lettuce,23312.79
2023-07-25,20230725,9,Red Lettuce,3965.29
2023-07-26,20230726,1,Red Lettuce,19017.27
2023-07-26,20230726,2,Curly Lettuce,13984.22
2023-07-26,20230726,3,Red Lettuce,5490.24
2023-07-26,20230726,4,Brave Lettuce,27454.4
2023-07-26,20230726,5,Curly Lettuce,24430.17
2023-07-26,20230726,6,Green Lettuce,27343.29
2023-07-26,20230726,7,Green Lettuce,1858.02
2023-07-26,20230726,8,Curly Lettuce,17426.24
2023-07-26,20230726,9,Green Lettuce,1446.51
2023-07-26,20230726,10,Curly Lettuce,12852.85
2023-07-27,20230727,1,Green Lettuce,24204.93
2023-07-27,20230727,2,Green Lettuce,11579.34
2023-07-27,20230727,3,Red Lettuce,20328.88
2023-07-27,20230727,4,Brave Lettuce,19991.52
2023-07-27,20230727,5,Green Lettuce,25005.49
2023-07-27,20230727,6,Green Lettuce,18922.48
2023-07-27,20230727,7,Brave Lettuce,4796.94
2023-07-27,20230727,8,Red Lettuce,20667.69
2023-07-28,20230728,1,Green Lettuce,10463.35
2023-07-28,20230728,2,Red Lettuce,16115.12
2023-07-28,20230728,3,Green Lettuce,3126.14
2023-07-28,20230728,4,Curly Lettuce,17829.11
2023-07-28,20230728,5,Brave Lettuce,27561.58
2023-07-28,20230728,6,Curly Lettuce,19115.45
2023-07-28,20230728,7,Brave Lettuce,1985.16
2023-07-28,20230728,8,Brave Lettuce,23187.44
2023-07-28,20230728,9,Red Lettuce,13345.85
2023-07-29,20230729,1,Curly Lettuce,18624.72
2023-07-29,20230729,2,Green Lettuce,15434.17
2023-07-29,20230729,3,Curly Lettuce,29116.4
2023-07-29,20230729,4,Red Lettuce,8970.4
2023-07-29,20230729,5,Green Lettuce,10425.8
2023-07-29,20230729,6,Curly Lettuce,22674.39
2023-07-29,20230729,7,Red Lettuce,19083.84
2023-07-30,20230730,1,Red Lettuce,18223.61
2023-07-30,20230730,2,Curly Lettuce,26587.46
2023-07-30,20230730,3,Brave Lettuce,19817.68
2023-07-30,20230730,4,Curly Lettuce,16021.15
2023-07-30,20230730,5,Green Lettuce,10373.11
2023-07-30,20230730,6,Curly Lettuce,23706.73
2023-07-30,20230730,7,Red Lettuce,20651.89
2023-07-30,20230730,8,Brave Lettuce,5141.51
2023-07-30,20230730,9,Brave Lettuce,17930.56
2023-07-31,20230731,1,Brave Lettuce,25749.32
2023-07-31,20230731,2,Green Lettuce,28226.12
2023-07-31,20230731,3,Red Lettuce,24089.37
2023-07-31,20230731,4,Green Lettuce,27137.18
2023-07-31,20230731,5,Brave Lettuce,11289.13
2023-07-31,20230731,6,Green Lettuce,13548.16
2023-07-31,20230731,7,Brave Lettuce,27041.38
2023-07-31,20230731,8,Curly Lettuce,12006.14
2023-07-31,20230731,9,Brave Lettuce,20898.13
2023-08-01,20230801,1,Green Lettuce,21433.04
2023-08-01,20230801,2,Brave Lettuce,20351.67
2023-08-01,20230801,3,Curly Lettuce,20773.12
2023-08-01,20230801,4,Green Lettuce,18902.0
2023-08-01,20230801,5,Brave Lettuce,3410.2
2023-08-01,20230801,6,Green Lettuce,29056.08
2023-08-01,20230801,7,Brave Lettuce,8753.55
2023-08-01,20230801,8,Red Lettuce,14520.01
2023-08-01,20230801,9,Green Lettuce,26723.16
2023-08-01,20230801,10,Red Lettuce,11423.75
2023-08-02,20230802,1,Brave Lettuce,16429.31
2023-08-02,20230802,2,Green Lettuce,16738.33
2023-08-02,20230802,3,Green Lettuce,8790.74
2023-08-02,20230802,4,Brave Lettuce,2692.23
2023-08-02,20230802,5,Green Lettuce,7442.34
2023-08-02,20230802,6,Green Lettuce,22382.0
2023-08-02,20230802,7,Curly Lettuce,20364.81
2023-08-02,20230802,8,Red Lettuce,10558.85
2023-08-02,20230802,9,Green Lettuce,5055.23
2023-08-03,20230803,1,Green Lettuce,11179.31
2023-08-03,20230803,2,Red Lettuce,4251.33
2023-08-03,20230803,3,Brave Lettuce,27202.08
2023-08-03,20230803,4,Red Lettuce,14594.41
2023-08-03,20230803,5,Curly Lettuce,9758.85
2023-08-03,20230803,6,Green Lettuce,23186.62
2023-08-03,20230803,7,Curly Lettuce,1459.22
2023-08-03,20230803,8,Brave Lettuce,23385.68
2023-08-04,20230804,1,Brave Lettuce,4835.27
2023-08-04,20230804,2,Red Lettuce,5702.77
2023-08-04,20230804,3,Curly Lettuce,18834.39
2023-08-04,20230804,4,Green Lettuce,5386.05
2023-08-04,20230804,5,Brave Lettuce,9998.19
2023-08-04,20230804,6,Green Lettuce,6234.29
2023-08-04,20230804,7,Green Lettuce,3644.84
2023-08-04,20230804,8,Brave Lettuce,12258.95
2023-08-04,20230804,9,Red Lettuce,7888.55
2023-08-04,20230804,10,Brave Lettuce,28160.43
2023-08-05,20230805,1,Brave Lettuce,12447.01
2023-08-05,20230805,2,Red Lettuce,25010.88
2023-08-05,20230805,3,Green Lettuce,23746.27
2023-08-05,20230805,4,Brave Lettuce,27399.87
2023-08-05,20230805,5,Curly Lettuce,20896.7
2023-08-05,20230805,6,Green Lettuce,26617.52
2023-08-05,20230805,7,Curly Lettuce,19373.73
2023-08-05,20230805,8,Curly Lettuce,14368.73
2023-08-05,20230805,9,Red Lettuce,10661.2
2023-08-06,20230806,1,Green Lettuce,19718.36
2023-08-06,20230806,2,Red Lettuce,21428.65
2023-08-06,20230806,3,Red Lettuce,13058.17
2023-08-06,20230806,4,Brave Lettuce,9640.37
2023-08-06,20230806,5,Green Lettuce,19346.63
2023-08-06,20230806,6,Curly Lettuce,13021.85
2023-08-06,20230806,7,Brave Lettuce,13385.13
2023-08-06,20230806,8,Brave Lettuce,16148.25
2023-08-07,20230807,1,Curly Lettuce,1428.56
2023-08-07,20230807,2,Red Lettuce,16078.2
2023-08-07,20230807,3,Green Lettuce,18219.41
2023-08-07,20230807,4,Green Lettuce,25993.92
2023-08-07,20230807,5,Brave Lettuce,17545.62
2023-08-07,20230807,6,Green Lettuce,27204.49
2023-08-07,20230807,7,Green Lettuce,20410.36
2023-08-08,20230808,1,Brave Lettuce,29398.58
2023-08-08,20230808,2,Curly Lettuce,12613.92
2023-08-08,20230808,3,Green Lettuce,18256.59
2023-08-08,20230808,4,Brave Lettuce,7815.67
2023-08-08,20230808,5,Brave Lettuce,11619.25
2023-08-08,20230808,6,Green Lettuce,5063.15
2023-08-08,20230808,7,Green Lettuce,23328.42
2023-08-09,20230809,1,Red Lettuce,17942.46
2023-08-09,20230809,2,Curly Lettuce,16035.65
2023-08-09,20230809,3,Green Lettuce,11360.51
2023-08-09,20230809,4,Brave Lettuce,29682.99
2023-08-09,20230809,5,Curly Lettuce,1256.65
2023-08-09,20230809,6,Green Lettuce,25687.12
2023-08-09,20230809,7,Curly Lettuce,21405.86
2023-08-09,20230809,8,Brave Lettuce,27238.32
2023-08-09,20230809,9,Red Lettuce,12885.78
2023-08-10,20230810,1,Red Lettuce,21066.62
2023-08-10,20230810,2,Red Lettuce,7383.54
2023-08-10,20230810,3,Curly Lettuce,7301.88
2023-08-10,20230810,4,Red Lettuce,18468.21
2023-08-10,20230810,5,Red Lettuce,6163.29
2023-08-10,20230810,6,Curly Lettuce,16992.16
2023-08-10,20230810,7,Curly Lettuce,21460.76
2023-08-10,20230810,8,Curly Lettuce,24684.88
2023-08-10,20230810,9,Green Lettuce,28674.38
2023-08-11,20230811,1,Curly Lettuce,617.52
2023-08-11,20230811,2,Curly Lettuce,11070.66
2023-08-11,20230811,3,Curly Lettuce,17244.9
2023-08-11,20230811,4,Brave Lettuce,15739.49
2023-08-11,20230811,5,Red Lettuce,26296.97
2023-08-11,20230811,6,Brave Lettuce,3718.04
2023-08-11,20230811,7,Curly Lettuce,13465.06
2023-08-11,20230811,8,Curly Lettuce,4908.76
2023-08-12,20230812,1,Green Lettuce,15613.65
2023-08-12,20230812,2,Curly Lettuce,11903.64
2023-08-12,20230812,3,Red Lettuce,28431.01
2023-08-12,20230812,4,Green Lettuce,10007.22
2023-08-12,20230812,5,Curly Lettuce,19820.83
2023-08-12,20230812,6,Green Lettuce,8530.6
2023-08-12,20230812,7,Curly Lettuce,24576.59
2023-08-12,20230812,8,Brave Lettuce,1888.32
2023-08-13,20230813,1,Brave Lettuce,20333.81
2023-08-13,20230813,2,Brave Lettuce,13587.58
2023-08-13,20230813,3,Brave Lettuce,27708.45
2023-08-13,20230813,4,Green Lettuce,29990.58
2023-08-13,20230813,5,Curly Lettuce,23553.59
2023-08-13,20230813,6,Brave Lettuce,4216.76
2023-08-13,20230813,7,Brave Lettuce,3570.81
2023-08-13,20230813,8,Green Lettuce,9812.23
2023-08-14,20230814,1,Brave Lettuce,14681.43
2023-08-14,20230814,2,Green Lettuce,16421.37
2023-08-14,20230814,3,Brave Lettuce,25724.17
2023-08-14,20230814,4,Curly Lettuce,15766.23
2023-08-14,20230814,5,Curly Lettuce,5020.42
2023-08-14,20230814,6,Red Lettuce,28537.81
2023-08-14,20230814,7,Green Lettuce,29182.98
2023-08-14,20230814,8,Brave Lettuce,17454.62
2023-08-15,20230815,1,Red Lettuce,20562.54
2023-08-15,20230815,2,Curly Lettuce,13835.79
2023-08-15,20230815,3,Brave Lettuce,5492.43
2023-08-15,20230815,4,Green Lettuce,23192.14
2023-08-15,20230815,5,Red Lettuce,22423.24
2023-08-15,20230815,6,Curly Lettuce,20377.17
2023-08-15,20230815,7,Curly Lettuce,19535.61
2023-08-15,20230815,8,Brave Lettuce,2060.0
2023-08-16,20230816,1,Curly Lettuce,1249.05
2023-08-16,20230816,2,Green Lettuce,29129.31
2023-08-16,20230816,3,Brave Lettuce,27925.97
2023-08-16,20230816,4,Brave Lettuce,7074.64
2023-08-16,20230816,5,Brave Lettuce,25205.73
2023-08-16,20230816,6,Curly Lettuce,23297.84
2023-08-16,20230816,7,Curly Lettuce,791.86
2023-08-16,20230816,8,Curly Lettuce,14095.0
2023-08-17,20230817,1,Curly Lettuce,13690.95
2023-08-17,20230817,2,Green Lettuce,3418.92
2023-08-17,20230817,3,Brave Lettuce,9028.03
2023-08-17,20230817,4,Red Lettuce,9590.34
2023-08-17,20230817,5,Brave Lettuce,7502.89
2023-08-17,20230817,6,Brave Lettuce,918.06
2023-08-17,20230817,7,Curly Lettuce,19414.2
2023-08-18,20230818,1,Brave Lettuce,12544.57
2023-08-18,20230818,2,Brave Lettuce,9617.11
2023-08-18,20230818,3,Curly Lettuce,24074.5
2023-08-18,20230818,4,Green Lettuce,7360.79
2023-08-18,20230818,5,Red Lettuce,5342.02
2023-08-18,20230818,6,Curly Lettuce,4683.34
2023-08-18,20230818,7,Red Lettuce,14809.59
2023-08-18,20230818,8,Curly Lettuce,7309.52
2023-08-18,20230818,9,Green Lettuce,24321.17
2023-08-18,20230818,10,Brave Lettuce,26915.75
2023-08-19,20230819,1,Brave Lettuce,20767.49
2023-08-19,20230819,2,Green Lettuce,24819.38
2023-08-19,20230819,3,Curly Lettuce,19947.94
2023-08-19,20230819,4,Curly Lettuce,25862.74
2023-08-19,20230819,5,Green Lettuce,14822.72
2023-08-19,20230819,6,Brave Lettuce,23296.93
2023-08-19,20230819,7,Red Lettuce,4724.65
2023-08-20,20230820,1,Green Lettuce,11026.03
2023-08-20,20230820,2,Green Lettuce,2776.84
2023-08-20,20230820,3,Green Lettuce,11449.42
2023-08-20,20230820,4,Curly Lettuce,11866.46
2023-08-20,20230820,5,Curly Lettuce,12370.21
2023-08-20,20230820,6,Brave Lettuce,6142.41
2023-08-20,20230820,7,Curly Lettuce,26153.92
2023-08-20,20230820,8,Brave Lettuce,17734.28
2023-08-20,20230820,9,Curly Lettuce,18221.55
2023-08-21,20230821,1,Curly Lettuce,7347.9
2023-08-21,20230821,2,Brave Lettuce,1432.47
2023-08-21,20230821,3,Brave Lettuce,2754.96
2023-08-21,20230821,4,Red Lettuce,9160.69
2023-08-21,20230821,5,Brave Lettuce,18250.07
2023-08-21,20230821,6,Green Lettuce,4407.68
2023-08-21,20230821,7,Brave Lettuce,14755.06
2023-08-22,20230822,1,Curly Lettuce,12849.86
2023-08-22,20230822,2,Green Lettuce,11628.92
2023-08-22,20230822,3,Green Lettuce,21253.85
2023-08-22,20230822,4,Red Lettuce,13182.39
2023-08-22,20230822,5,Brave Lettuce,17412.57
2023-08-22,20230822,6,Red Lettuce,7923.89
2023-08-22,20230822,7,Curly Lettuce,42.49
2023-08-22,20230822,8,Brave Lettuce,24488.57
2023-08-22,20230822,9,Brave Lettuce,7908.36
2023-08-22,20230822,10,Curly Lettuce,10321.75
2023-08-23,20230823,1,Curly Lettuce,12506.56
2023-08-23,20230823,2,Brave Lettuce,19928.15
2023-08-23,20230823,3,Curly Lettuce,12594.39
2023-08-23,20230823,4,Curly Lettuce,3707.44
2023-08-23,20230823,5,Red Lettuce,15414.41
2023-08-23,20230823,6,Red Lettuce,4113.82
2023-08-23,20230823,7,Brave Lettuce,13490.84
2023-08-24,20230824,1,Red Lettuce,24890.06
2023-08-24,20230824,2,Curly Lettuce,3786.49
2023-08-24,20230824,3,Red Lettuce,26244.62
2023-08-24,20230824,4,Brave Lettuce,25984.26
2023-08-24,20230824,5,Red Lettuce,2730.28
2023-08-24,20230824,6,Red Lettuce,3253.97
2023-08-24,20230824,7,Green Lettuce,25569.34
2023-08-24,20230824,8,Red Lettuce,13180.71
2023-08-24,20230824,9,Curly Lettuce,27040.94
2023-08-24,20230824,10,Curly Lettuce,13718.42
2023-08-25,20230825,1,Brave Lettuce,26331.3
2023-08-25,20230825,2,Brave Lettuce,9237.24
2023-08-25,20230825,3,Green Lettuce,888.87
2023-08-25,20230825,4,Red Lettuce,2878.82
2023-08-25,20230825,5,Red Lettuce,29047.75
2023-08-25,20230825,6,Curly Lettuce,12232.27
2023-08-25,20230825,7,Brave Lettuce,23436.15
2023-08-25,20230825,8,Brave Lettuce,14906.8
2023-08-25,20230825,9,Curly Lettuce,7105.53
2023-08-26,20230826,1,Red Lettuce,2625.71
2023-08-26,20230826,2,Curly Lettuce,25896.23
2023-08-26,20230826,3,Brave Lettuce,25956.85
2023-08-26,20230826,4,Curly Lettuce,26289.83
2023-08-26,20230826,5,Curly Lettuce,7322.58
2023-08-26,20230826,6,Green Lettuce,4461.67
2023-08-26,20230826,7,Red Lettuce,29374.12
2023-08-27,20230827,1,Curly Lettuce,16807.75
2023-08-27,20230827,2,Curly Lettuce,22124.26
2023-08-27,20230827,3,Curly Lettuce,17879.23
2023-08-27,20230827,4,Brave Lettuce,11547.33
2023-08-27,20230827,5,Curly Lettuce,17079.29
2023-08-27,20230827,6,Brave Lettuce,1891.72
2023-08-27,20230827,7,Red Lettuce,9444.75
2023-08-28,20230828,1,Curly Lettuce,3384.03
2023-08-28,20230828,2,Brave Lettuce,1667.72
2023-08-28,20230828,3,Red Lettuce,25856.76
2023-08-28,20230828,4,Curly Lettuce,27750.59
2023-08-28,20230828,5,Green Lettuce,19171.81
2023-08-28,20230828,6,Red Lettuce,11165.66
2023-08-28,20230828,7,Curly Lettuce,28331.45
2023-08-28,20230828,8,Green Lettuce,28164.7
2023-08-28,20230828,9,Brave Lettuce,27894.15
2023-08-29,20230829,1,Green Lettuce,27574.6
2023-08-29,20230829,2,Curly Lettuce,2857.75
2023-08-29,20230829,3,Green Lettuce,27525.3
2023-08-29,20230829,4,Red Lettuce,3864.28
2023-08-29,20230829,5,Curly Lettuce,22249.11
2023-08-29,20230829,6,Red Lettuce,4885.35
2023-08-29,20230829,7,Curly Lettuce,26594.64
2023-08-30,20230830,1,Green Lettuce,17542.07
2023-08-30,20230830,2,Curly Lettuce,2758.69
2023-08-30,20230830,3,Brave Lettuce,24422.87
2023-08-30,20230830,4,Brave Lettuce,13543.77
2023-08-30,20230830,5,Green Lettuce,14666.66
2023-08-30,20230830,6,Red Lettuce,13438.26
2023-08-30,20230830,7,Curly Lettuce,27631.36
2023-08-30,20230830,8,Brave Lettuce,13071.77
2023-08-31,20230831,1,Green Lettuce,10695.48
2023-08-31,20230831,2,Brave Lettuce,7921.61
2023-08-31,20230831,3,Brave Lettuce,19896.41
2023-08-31,20230831,4,Green Lettuce,14404.41
2023-08-31,20230831,5,Red Lettuce,22007.03
2023-08-31,20230831,6,Red Lettuce,21805.31
2023-08-31,20230831,7,Red Lettuce,12469.91
2023-08-31,20230831,8,Brave Lettuce,91.34
2023-08-31,20230831,9,Green Lettuce,21087.53
2023-08-31,20230831,10,Brave Lettuce,11335.72